ORG CODE,Fund,OBJECT CODE,DESCRIPTION,FY 2023 Budget,FY 2024 Budget,FY2025 Budget,BOS FY26
132,RESERVE FUND,5705780,RESERVE FUND OR UNFORSEEN,"25,000","25,000","25,000","25,000"
114,MODERATOR,5105111,SALARIES-MODERATOR,102,102,102,102
114,MODERATOR,5705700,OTHER CHARGES,"3,200","3,200","3,200","3,200"
122,SELECTMEN,5105111,SALARIES-BOARD OF SELECTMEN,"11,545","12,000","12,000","12,000"
122,SELECTMEN,5105115,SALARIES-TOWN ADMINISTRATOR,"68,300","68,300","77,000","80,000"
122,SELECTMEN,5105110,SALARIES-CLERICAL,"23,635","23,000","33,433.92","8,589"
122,SELECTMEN,,SALARIES-ADD. TEMP. HOURS,0,0,0,0
122,SELECTMEN,5705700,WEIGHTS & MEASURES,"2,000","2,000","2,000","2,000"
122,SELECTMEN,,ENGINEERING FEES,0,,,
122,SELECTMEN,5705700,OFFICE SUPPLIES,"6,038","6,500","4,000","5,250"
122,SELECTMEN,5705711,TRAVEL,50,100,100,100
122,SELECTMEN,5705731,DUES/SUBSCRIPTION/MEMBERSHIP,"1,155","1,200","1,500","3,000"
122,SELECTMEN,,ADDITIONAL EQUIPMENT/PHONE,0,"5,000","3,000","2,000"
122,SELECTMEN,,Town Administrator Search,"1,800",0,0,0
131,FINANCE COMMITTEE,5705731,ATFC Dues,180,180,180,180
131,FINANCE COMMITTEE,5705731,ATFC Annual Meeting,100,100,100,100
131,FINANCE COMMITTEE,5705713,MMA Annual Conference,"1,000","1,000","1,000","1,000"
131,FINANCE COMMITTEE,5705420,Office Supplies,50,50,50,50
135,TOWN ACCOUNTANT,5105115,SALARIES - TOWN ACCOUNTANT,"61,500","56,000","59,500","70,000"
135,TOWN ACCOUNTANT,5105115,SALARIES - ASST. TOWN ACCOUNTANT,"27,795","25,000","25,000","5,368.13"
135,TOWN ACCOUNTANT,5705301,AUDITING,"29,000","29,000","29,000","40,000"
135,TOWN ACCOUNTANT,5705301,GASB 45 VALUATION,0,0,"5,000","5,000"
135,TOWN ACCOUNTANT,5705700,OFFICE SUPPLIES,500,500,750,750
135,TOWN ACCOUNTANT,5705711,TRAVEL/TRAINING,100,100,100,100
135,TOWN ACCOUNTANT,5705731,DUES/SUBSCRIPTION/MEMBERSHIP,150,150,150,150
135,TOWN ACCOUNTANT,5705700,Postage,,100,100,100
135,TOWN ACCOUNTANT,5705700,Seminar/Conf Exp,"2,500",750,"1,500","1,500"
135,TOWN ACCOUNTANT,570-,Postage Meter,,,,
141,ASSESSORS,5105111,SALARIES - BOARD OF ASSESSORS,"11,545","12,000","12,240","12,546"
141,ASSESSORS,5105115,SALARIES - TOWN ASSESSOR,"31,371","31,371","36,000","66,000"
141,ASSESSORS,5105110,SALARIES-CLERICAL,0,0,"10,353","10,736.25"
141,ASSESSORS,,SALARIES-ADD. TEMP. HOURS,0,0,0,0
141,ASSESSORS,5705700,EXPENSES,"10,835","10,835","10,835","8,835"
141,ASSESSORS,5705305,RECERTIFICATION,"5,000","5,000","7,500","5,500"
141,ASSESSORS,5705715,TRAINING & TESTING,"3,000","3,000","2,500","2,500"
141,ASSESSORS,5105116,LIST/SERVE,"6,000","6,000","6,000","2,000"
141,ASSESSORS,5705249,SOFTWARE EXPENSE,"7,200","16,355","16,000","16,500"
141,ASSESSORS,,OFFICE SUPPLIES,0,,,
141,ASSESSORS,5705304,MAPPING,"6,680","6,680","7,680","8,680"
141,ASSESSORS,,OTHER CHARGES,0,,,
141,ASSESSORS,,DUES/SUBSCRIPTION/MEMBERSHIP,0,,,
141,ASSESSORS,,ADDITIONAL EQUIPMENT,0,,,
141,ASSESSORS,,MMA Expense,0,800,800,0
141,ASSESSORS,,NearMap,"3,700",,,
145,TOWN TREASURER,5105111,SALARIES-TREASURER,"31,698","34,198","35,198","5,866.33"
145,TOWN TREASURER,5105115,SALARIES-H.R. ADMIN./ASST. TREA.,"24,700","25,000","27,341.60","29,179.50"
145,TOWN TREASURER,5105110,SALARIES- CLERICAL,"19,928","19,928","23,000","22,417"
145,TOWN TREASURER,,SALARIES-Appointed Treasurer/Collector,0,,,"62,499.75"
145,TOWN TREASURER,5705407,POSTAGE,"5,500","5,665","4,000","4,000"
145,TOWN TREASURER,5705420,OFFICE SUPPLIES,"1,000","1,200","1,200","1,200"
145,TOWN TREASURER,5705700,OTHER CHARGES,"6,315","6,700","5,000","5,000"
145,TOWN TREASURER,5705336,TAX TITLE,"8,000","8,200","9,000","9,000"
145,TOWN TREASURER,,ADDITIONAL EQUIPMENT,,0,,
145,TOWN TREASURER,,Education,,,"1,000","1,000"
146,,TOWN COLLECTOR,,,,,
146,TOWN COLLECTOR,5105111,SALARIES-TOWN COLLECTOR,"31,698","34,198","35,198",1
146,TOWN COLLECTOR,5105110,SALARIES-CLERICAL,"31,508","31,508","26,500","35,456.40"
146,TOWN COLLECTOR,,SALARIES-ADD. TEMP. HOURS,0,,,
146,TOWN COLLECTOR,5705407,POSTAGE,"8,900","9,100","10,000","10,000"
146,TOWN COLLECTOR,5705420,OFFICE SUPPLIES,"1,250","1,500","1,500","1,500"
146,TOWN COLLECTOR,5705700,OTHER CHARGES,"3,615","4,000","4,000","4,000"
146,TOWN COLLECTOR,,Certification Bonues,"1,000","1,000","1,000",0
146,TOWN COLLECTOR,,Education,850,900,"1,000","1,000"
151,TOWN COUNSEL,5705300,LEGAL- LAND COURT,"46,568","75,000","55,000","65,000"
151,TOWN COUNSEL,,COURT JUDGEMENTS,0,,,
152,DATA PROCESSING,,SALARIES-SYSTEM ADMINISTRATOR,0,0,0,0
152,DATA PROCESSING,5705275,SOFTWARE MAINTENANCE AGREEMENT,"25,794","25,794","25,794","25,794"
152,DATA PROCESSING,5705275,IMC-CJS SOFTWARE,"17,000","17,000","17,000","17,000"
152,DATA PROCESSING,5705303,INTERNET SERVICES,"10,800","10,800","10,800","10,800"
152,DATA PROCESSING,5705350,COMCAST PHONES,"10,000","10,000","10,000","10,000"
152,DATA PROCESSING,5705250,RECORD ARCHIVING,"4,724","4,724","4,724","4,724"
152,DATA PROCESSING,,SOFTWARE SUBSCRIPTIONS,0,,,"8,000"
152,DATA PROCESSING,,Wide Area Network Maintenance,0,,,
152,DATA PROCESSING,5705491,HARPERS PAYROLL,"17,000","17,000","18,000","18,000"
152,DATA PROCESSING,5705340,VIRTUAL TOWN HALL,"3,500","3,500","4,300","4,300"
152,DATA PROCESSING,,Digital Storage,"5,000","5,000","5,000",0
,DATA PROCESSING,,Postage Meter,,,"3,000","3,000"
161,TOWN CLERK,5105111,SALARIES-TOWN CLERK,"31,698","34,198","35,198","40,000"
161,TOWN CLERK,5105110,SALARIES-CLERICAL,"21,542","24,000","27,100","31,056.90"
161,TOWN CLERK,,Salaries - Mandate Pay,0,0,250,250
161,TOWN CLERK,5705407,POSTAGE,600,750,"1,000","1,000"
161,TOWN CLERK,5705426,BOOK BINDING,"1,450","1,450","1,450","1,450"
161,TOWN CLERK,5705703,CENSUS,"3,100","3,200","3,400","3,400"
161,TOWN CLERK,5705700,OTHER CHARGES,"1,000","1,300","1,500","1,500"
161,TOWN CLERK,,TRAVEL,0,,,
161,TOWN CLERK,5705731,DUES/SUBSCRIPTION/MEMBERSHIP,550,550,650,650
161,TOWN CLERK,5705850,ADDITIONAL EQUIPMENT,"1,000","1,000",0,0
162,ELECTIONS & REGISTRATIONS,5105101,SALARIES-TEMPORARY,"7,500","5,000","7,500","11,500"
162,ELECTIONS & REGISTRATIONS,,Salaries- Stipend,0,,0,0
162,ELECTIONS & REGISTRATIONS,,POSTAGE,0,,,
162,ELECTIONS & REGISTRATIONS,5705277,OTHER CHARGES ELECTIONS,"7,500","5,000","7,500","11,500"
162,ELECTIONS & REGISTRATIONS,,POLICE DETAIL,0,,,
162,ELECTIONS & REGISTRATIONS,,TRAINING & TESTING,0,,,
162,ELECTIONS & REGISTRATIONS,5705700,OTHER CHARGES REGISTRATION,"2,100","2,100","2,100","3,200"
162,ELECTIONS & REGISTRATIONS,,TRAVEL,,,,
162,ELECTIONS & REGISTRATIONS,,Additional Equipment,,,,"10,000"
175,PLANNING BOARD,5105111,SALARIES - ELECTED,938,"1,200","1,200","1,200"
192,TOWN BUILDINGS,5705115,SALARIES - MAINTENANCE,"12,000","$12,000","$18,305","$18,305"
192,TOWN BUILDINGS,5705211,ENERGY,"12,450","$13,000","$16,260","$17,886"
192,TOWN BUILDINGS,5705251,PEST CONTROL,"1,297","$1,500","$1,500","$1,500"
192,TOWN BUILDINGS,,TELEPHONE,0,,,
192,TOWN BUILDINGS,5705207,CUSTODIAL SERVICES,"15,000","$9,000",$0,$0
192,TOWN BUILDINGS,5705700,SUPPLIES,"11,000","$11,500","$12,000","$10,950"
192,TOWN BUILDINGS,,TRAVEL,0,,,
250,PUBLIC SAFETY BUILDING,5705211,TMLP,"22,561","23,000","26,000","27,000"
250,PUBLIC SAFETY BUILDING,5705700,WATER,977,"1,000","1,000","1,000"
250,PUBLIC SAFETY BUILDING,5705700,R. & M.- BUILDINGS & GROUNDS,"10,000","12,000","12,000","17,350"
250,PUBLIC SAFETY BUILDING,5705700,BOILER INSPECTION,50,100,100,0
250,PUBLIC SAFETY BUILDING,5705700,R. & M.- GARAGE DOORS,"2,500","2,500","4,000","4,000"
250,PUBLIC SAFETY BUILDING,5705700,R. & M. EMERGENCY REPAIRS,"2,500","2,500","2,500","2,500"
250,PUBLIC SAFETY BUILDING,5705700,R. & M.- GENERATOR,"1,274","1,500","1,500",0
250,PUBLIC SAFETY BUILDING,5705700,HEATING SYSTEM,350,"1,000","1,000",0
250,PUBLIC SAFETY BUILDING,5705700,SNOW & ICE,650,"1,000","1,000",0
250,PUBLIC SAFETY BUILDING,5705700,R. & M.- FIRE EXTINUISHERS,322,"1,000","1,000",0
250,PUBLIC SAFETY BUILDING,5705207,CLEANING & MAINT.,"18,400","10,500","11,000","13,000"
250,PUBLIC SAFETY BUILDING,5705700,SEPTIC,465,"1,000","1,000",
250,PUBLIC SAFETY BUILDING,5705700,WATER INSPECTION,150,250,250,0
250,PUBLIC SAFETY BUILDING,5705342,TELEPHONE,"5,906","6,500","7,000","7,000"
250,PUBLIC SAFETY BUILDING,5705700,INTERNET,0,,"6,500","6,800"
250,PUBLIC SAFETY BUILDING,5705700,Shared Resources,,"3,000",300,0
250,PUBLIC SAFETY BUILDING,5705700,PROPANE,150,300,500,0
250,PUBLIC SAFETY BUILDING,5705700,PHONE BACK-UP,396,500,750,750
250,PUBLIC SAFETY BUILDING,5705700,OTHER SUPPLIES,588,750,,
250,PUBLIC SAFETY BUILDING,,Station Renovation and Repair,,"200,000",,
250,PUBLIC SAFETY BUILDING,5705850,ADDITIONAL EQUIPMENT,"6,000","6,000",0,0
830,PENSIONS,5605622,BRISTOL COUNTY RETIREMENT,"777,334","843,669","891,595","1,015,532"
910,PENSIONS,5705173,MEDICARE,"180,000","190,000","195,000","200,000"
940,WORKERS COMPENSATION,5705740,FRINGE BENEFIT/CHARGES,"14,313","16,916","20,000","21,000"
910,WORKERS COMPENSATION,5705172,UNEMPLOYMENT INSURANCE,"5,000","5,000","75,000","60,000"
910,HEALTH INSURANCE,5115171,BLUE CROSS/ BLUE SHIELD HEALTH,"430,000","444,765","476,832.56","546,496.97"
910,HEALTH INSURANCE,,FLEXIBLE BENEFIT PLAN,0,,,
940,LIABILITY INSURANCE,5705748,INS. PR. DIS.-FIRE-POL. ACC. H,"56,516","58,777","67,556","69,000"
940,LIABILITY INSURANCE,5705740,LIABILITY INSURANCE,"79,390","84,545","84,545","91,515"
210,POLICE DEPT.,5105110,SALARIES - POLICE CHIEF,"158,996","125,000","130,000","155,000"
210,POLICE DEPT.,5105110,SALARIES- PERMANENT POSITIONS,"735,133","795,805","880,177","908,782"
210,POLICE DEPT.,5105110,SALARIES- HOLIDAY PAY,"32,685","39,172","40,010","40,490"
210,POLICE DEPT.,5105110,SALARIES - PART TIME,"41,034","52,801","52,801","52,801"
210,POLICE DEPT.,5105110,SALARIES-OVERTIME,"221,942","237,335","242,414","245,323"
210,POLICE DEPT.,5105110,HARBORMASTER,"10,000","5,000","5,000","5,000"
,POLICE DEPT.,,Salaries Add Holiday,,"3,916","4,000","4,048"
210,POLICE DEPT.,5105110,SALARIES-ADD. PERSONAL DAYS,"3,746","3,916","4,000","4,048"
,POLICE DEPT.,,Salaries Accreditation,,"6,000","6,000","6,000"
,POLICE DEPT.,,"Salaries- Bridge, Swat, Search and Rescue",,"40,960","40,000","37,000"
210,POLICE DEPT.,5105110,SICK LEAVE BONUS,"17,000","17,000","17,000","17,000"
,POLICE DEPT.,5105110,CHIEF BUYOUT,"164,728",,,
210,POLICE DEPT.,5705156,CLOTHING ALLOWANCE,"17,000","17,000","17,000","17,000"
210,POLICE DEPT.,5705156,DAMAGED PER. PROP.,"2,500","2,500","2,500","2,500"
210,POLICE DEPT.,5705700,R. & M.- BUILDINGS & GROUNDS,0,0,,
210,POLICE DEPT.,5705700,R. & M. VEHICLES,"16,582","17,000","17,333","17,333"
210,POLICE DEPT.,5705700,R. & M. EQUIPMENT,"4,000","4,160","4,160","4,160"
210,POLICE DEPT.,5705700,R. & M.- SOFTWARE,"3,891","4,046","4,046","4,046"
210,POLICE DEPT.,5705700,CLEANING SUPPLIES & SERVICE,"5,250","6,270","6,270","6,270"
210,POLICE DEPT.,5705156,DRY CLEANING,"2,500","2,500","2,500","2,500"
210,POLICE DEPT.,5705156,MPA LEGAL DEFENSE,"3,000","3,000","3,000","3,000"
210,POLICE DEPT.,5705156,CELL PHONE,"4,800","4,800","5,831","5,831"
210,POLICE DEPT.,5705700,POLICE REFORM BILL FTE,"9,104","9,104","9,104","9,104"
210,POLICE DEPT.,5705700,POLICE REFORM BILL RES,"4,633","4,633","4,633","4,633"
,POLICE DEPT.,,ACCREDITATION SOFTWARE,,"5,750","5,750","5,750"
,POLICE DEPT.,,ACCREDITATION DUES,,,"2,340","2,340"
210,POLICE DEPT.,5705700,TRAINING SUPPLIES,"5,000","5,200","5,200","5,200"
210,POLICE DEPT.,5705700,CRITICAL INCIDENT TRAINING,"5,000","5,000","5,000","5,000"
210,POLICE DEPT.,5705700,CONTRACTED SERVICES,"5,445","5,445","5,445","5,445"
210,POLICE DEPT.,5705700,OFFICE SUPPLIES,"3,500","3,640","3,640","3,640"
210,POLICE DEPT.,5705700,MEALS,0,,,
210,POLICE DEPT.,5705700,UNIFORM AMMO,"2,000","2,400","4,000","4,000"
210,POLICE DEPT.,5705700,TRAVEL SEMINARS,"2,500","3,000","3,000","3,000"
210,POLICE DEPT.,5705700,DUES/SUBSCRIPTION/MEMBERSHIP,"3,575","3,575","3,575","3,575"
210,POLICE DEPT.,5705700,LOCK-UP,"2,500","2,500","2,500","2,500"
210,POLICE DEPT.,5705700,SEMLEC,"4,000","4,000","4,000","4,000"
210,POLICE DEPT.,5705700,VESTS,"3,980","3,980","3,980","3,980"
210,POLICE DEPT.,5705700,Taser Cart,"7,750",0,,"3,703"
210,POLICE DEPT.,5705700,DEPT. ISSUED FIREARMS,860,"1,120","1,120","1,120"
210,POLICE DEPT.,5705700,EQUIPMENT,"5,000","5,000","5,000",0
210,POLICE DEPT.,5705700,AED & NARCAN,"4,145","4,145","2,145","2,145"
210,POLICE DEPT.,5705850,ADDITIONAL EQUIPMENT,0,0,0,0
220,FIRE DEPARTMENT,5105112,SALARIES - FIRE CHIEF,"103,500","108,500","120,000","125,000"
220,FIRE DEPARTMENT,,SALARIES- PERMANENT POSITIONS,0,,,
220,FIRE DEPARTMENT,5105120,SALARIES-TEMPORARY-CALLMEN,"43,888","58,888","58,000","57,000"
220,FIRE DEPARTMENT,5105150,SALARIES-HOLIDAY,"4,060","4,362","5,077","5,770"
220,FIRE DEPARTMENT,5105156,CLOTHING ALLOWANCE,"3,500","3,500","3,500","3,500"
220,FIRE DEPARTMENT,5705244,R. & M.- BUILDINGS & GROUNDS,"10,000","11,000","10,000","10,000"
220,FIRE DEPARTMENT,5705243,INSPECTIONS,0,0,,
220,FIRE DEPARTMENT,5705242,MAINTENANCE AGREEMENTS,"5,000","5,000","5,000","5,000"
220,FIRE DEPARTMENT,5705243,R. & M. VEHICLES,"22,500","25,500","26,000","26,000"
220,FIRE DEPARTMENT,5705240,R. & M.- EQUIPMENT/RADIOS,"2,500","2,500","2,500","2,500"
220,FIRE DEPARTMENT,5705275,R. & M.- SOFTWARE,"2,000","2,000","14,000","14,000"
220,FIRE DEPARTMENT,5705240,RADIO LICENSING,560,560,560,560
220,FIRE DEPARTMENT,5705423,MEDICAL EXAMS,"2,850","2,850","3,000","2,500"
220,FIRE DEPARTMENT,5705715,TRAINING/CPR/1ST-AID,500,800,"1,000","1,000"
220,FIRE DEPARTMENT,5705491,OUTSIDE SERVICES,"13,000","13,000","13,000","13,000"
220,FIRE DEPARTMENT,5705420,OFFICE SUPPLIES,"3,200","3,200","3,200","3,200"
220,FIRE DEPARTMENT,5705731,E.M.A. DEPARTMENT,"2,000","2,500","2,500","2,500"
220,FIRE DEPARTMENT,5705731,DUES/SUBSCRIPTION/MEMBERSHIP,"2,000","2,500","3,000","2,500"
220,FIRE DEPARTMENT,5705855,TURNOUT GEAR,"9,000","9,000","11,000","13,000"
220,FIRE DEPARTMENT,,BOX ALARM MAINTENANCE,"1,000","1,000","1,000","1,000"
220,FIRE DEPARTMENT,,Self Contained Breathing Apparatus,,"100,000",,
230,EMERGENCY MEDICAL SERVICES,5105112,SALARIES - DIRECTOR,0,0,,
230,EMERGENCY MEDICAL SERVICES,5105110,SALARIES- PERMANENT POSITIONS,"300,200","300,200","465,000","465,000"
230,EMERGENCY MEDICAL SERVICES,,SALARIES - FINANCE ASST,"28,000","38,000","41,028","45,500"
230,EMERGENCY MEDICAL SERVICES,5105154,SALARIES -CALL E.M.T.,"135,280","140,000","140,000","140,000"
230,EMERGENCY MEDICAL SERVICES,5105131,SALARIES-OVERTIME,"37,000","44,000","44,000","50,000"
230,EMERGENCY MEDICAL SERVICES,5105156,CLOTHING ALLOWANCE,"6,500","6,500","6,500","9,100"
230,EMERGENCY MEDICAL SERVICES,5705260,CON-ED,"6,000","6,000","6,000","6,000"
230,EMERGENCY MEDICAL SERVICES,5705242,R. & M.- EQUIPMENT,"10,000","10,000","14,000","14,000"
230,EMERGENCY MEDICAL SERVICES,5705243,R. & M.- VEHICLES,"7,000","8,000","10,000","10,000"
230,EMERGENCY MEDICAL SERVICES,5705289,SAFETY,"5,500","5,500","5,500","5,500"
230,EMERGENCY MEDICAL SERVICES,5705342,CELL PHONES,"3,000","3,000","4,000","5,600"
230,EMERGENCY MEDICAL SERVICES,5705715,TRAINING & TESTING,"5,000","5,000","5,000","5,000"
230,EMERGENCY MEDICAL SERVICES,,QUALITY ASSURANCE PROGRAM,0,0,,
230,EMERGENCY MEDICAL SERVICES,5705751,LIABILITY INS.,"3,400","3,400","2,500","2,000"
230,EMERGENCY MEDICAL SERVICES,5705420,OFFICE SUPPLIES,750,"1,000","1,000","1,000"
230,EMERGENCY MEDICAL SERVICES,5705491,OUTSIDE SERVICES,"5,500","5,500","5,500","5,500"
230,EMERGENCY MEDICAL SERVICES,5705275,SOFTWARE EXPENSE,"7,500","11,800","15,000","15,000"
230,EMERGENCY MEDICAL SERVICES,5705433,MEDICAL SURGICAL SUPPLIES,"14,000","18,000","20,000","21,000"
230,EMERGENCY MEDICAL SERVICES,,TRAVEL,0,0,,
230,EMERGENCY MEDICAL SERVICES,5705731,DUES/SUBSCRIPTION/MEMBERSHIP,"1,000","1,000","1,000","2,000"
230,EMERGENCY MEDICAL SERVICES,5705855,ADDITIONAL EQUIPMENT,"2,500","13,500","4,000","39,000"
241,BUILDING DEPARTMENT,5105110,Salaries- Inspector,"21,320","21,320","24,440","24,733.28"
241,BUILDING DEPARTMENT,,SALARIES- COMMISSIONER,0,0,0,0
241,BUILDING DEPARTMENT,5105110,SALARIES-CLERICAL,"22,148","19,310","22,400","26,396"
241,BUILDING DEPARTMENT,,SALARIES-ADD. TEMP. HOURS,0,,,
241,BUILDING DEPARTMENT,,SALARIES - WIRE INSPECTOR,0,,,
241,BUILDING DEPARTMENT,,SALARIES-DEPUTY BUILDING INSP.,0,,,
241,BUILDING DEPARTMENT,,SALARIES-GAS/PLUMBING INSPECT.,0,,,
241,BUILDING DEPARTMENT,5105110,SALARIES-MILEAGE,"1,080","1,500","1,500","1,500"
241,BUILDING DEPARTMENT,5705700,TRAINING & TESTING,800,800,800,800
241,BUILDING DEPARTMENT,5705700,OFFICE SUPPLIES,780,780,820,820
241,BUILDING DEPARTMENT,,VEHICLE SUPPLIES - MAINTENANCE,0,0,0,0
241,BUILDING DEPARTMENT,5705700,DUES/SUBSCRIPTION/MEMBERSHIP,170,170,170,170
241,BUILDING DEPARTMENT,,ADDITIONAL EQUIPMENT/ Regulation Manuals,0,"1,000","1,000","1,000"
299,COMMUNICATIONS DEPT.,5105110,SALARIES- PERMANENT POSITIONS,"272,226","282,671","312,395","321,423"
299,COMMUNICATIONS DEPT.,5105110,SALARIES-RESERVES,"21,652","26,736","26,736","27,471"
299,COMMUNICATIONS DEPT.,5105110,SALARIES-OVERTIME,"19,648","25,575","26,378","27,140"
299,COMMUNICATIONS DEPT.,5105110,SALARIES- HOLIDAY PAY,"11,436","11,955","12,330","12,689"
299,COMMUNICATIONS DEPT.,5105110,SALARIES- NEW HIRE TRAINING/ Cont. Ed,,,,
299,COMMUNICATIONS DEPT.,,PART-TIME SICK & OVERTIME,"2,735","2,859","2,949","3,096"
299,COMMUNICATIONS DEPT.,5105110,Additional Holiday,,960,990,"1,018"
299,COMMUNICATIONS DEPT.,5105110,SICK LEAVE BONUS,"4,000","4,000","4,000","4,000"
299,COMMUNICATIONS DEPT.,5705166,CLOTHING ALLOWANCE,"3,750","3,750","3,750","3,750"
299,COMMUNICATIONS DEPT.,5705166,MPA LEGAL DEFENSE,900,900,900,900
299,COMMUNICATIONS DEPT.,5705700,CELL PHONE,"1,440","1,920","1,920","1,920"
299,COMMUNICATIONS DEPT.,,TRAINING & TESTING,"6,000","6,000","5,000","5,000"
299,COMMUNICATIONS DEPT.,5705700,EMD Training,,"6,800","6,000","6,000"
299,COMMUNICATIONS DEPT.,5705700,OFFICE SUPPLIES,"2,000","2,500","2,560","2,560"
299,COMMUNICATIONS DEPT.,,UNIFORM AMMO,"3,225","3,225","2,301","2,301"
299,COMMUNICATIONS DEPT.,,DUES/SUBSCRIPTION/MEMBERSHIP,0,,,
299,COMMUNICATIONS DEPT.,,ADDITIONAL EQUIPMENT,,,,
292,ANIMAL CONTROL/DOG OFFICER,5105115,SALARIES - DIRECTOR,"20,000","20,600","21,012","21,264.14"
292,ANIMAL CONTROL/DOG OFFICER,5105154,SALARIES - STIPEND,"3,900","3,900","3,978","3,978"
292,ANIMAL CONTROL/DOG OFFICER,5705700,R. & M.- VEHICLE,200,300,306,312.12
292,ANIMAL CONTROL/DOG OFFICER,5705700,TELEPHONE,420,420,428,436.56
292,ANIMAL CONTROL/DOG OFFICER,5705700,FIELD SUPPLIES,500,500,510,520.2
292,ANIMAL CONTROL/DOG OFFICER,5705700,TRAINING & TESTING,250,250,255,260.1
292,ANIMAL CONTROL/DOG OFFICER,5705700,EMERGENCY VET EXPENSES,"1,000","1,000","1,020","1,040.40"
292,ANIMAL CONTROL/DOG OFFICER,5705700,OFFICE SUPPLIES,200,200,204,208.08
292,ANIMAL CONTROL/DOG OFFICER,,DUES/SUBSCRIPTION/MEMBERSHIP,0,,,
292,ANIMAL CONTROL/DOG OFFICER,,ADDITIONAL EQUIPMENT,0,,,
294,FORESTRY,5105111,SALARIES-TREE WARDEN,"3,417","3,519.51","$4,000","$4,120"
294,FORESTRY,5705700,TREE REMOVAL,"20,000","21,000","$21,000","$21,000"
294,FORESTRY,5705700,TREE PLANTING,0,,$0,$0
294,FORESTRY,5705700,OTHER SUPPLIES,0,,$0,$0
940,MISCELLANEOUS,5205351,TOWN FUEL,"100,000","100,000","100,000","100,000"
830,MISCELLANEOUS,5605623,SRPEDD,"1,231","1,399","1,399","1,433.97"
,MISCELLANEOUS,,MUNIC. LEASES,,,,
,MISCELLANEOUS,,Stormwater Reporting,,,"1,000","25,000"
,MISCELLANEOUS,,IN-LINE OF DUTY INJURY FUND,"3,000","3,000","3,000","3,000"
940,MISCELLANEOUS,5105110,UNFUNDED LIABILITY,"30,000","20,000","20,000","20,000"
300,SCHOOL DEPARTMENT,5715700,SCHOOL SPENDING,"8,261,472","8,464,018","8,715,624","9,180,000"
300,SCHOOL DEPARTMENT,5715111,SCHOOL COM. SALARY,938,"1,200","1,200","1,200"
300,SCHOOL DEPARTMENT,NEW,K-8 OUT OF DISTRICT SPECIAL EDUCATION,"152,000","177,388","325,310","190,702"
300,SCHOOL DEPARTMENT,5715200,K-8 HEALTH INSURANCE,"918,685","967,340","1,037,085.21","1,067,361.50"
300,SCHOOL DEPARTMENT,5715745,TRANSPORTATION,"599,956","617,680","636,324","770,411"
300,SCHOOL DEPARTMENT,5715740,K-8 WORKERS COMP.,"54,300","47,307","47,307","51,000"
300,SCHOOL DEPARTMENT,5715740,K-8 LIABILITY INSURANCE,"71,500","82,732","82,732","82,732"
300,SCHOOL DEPARTMENT,5605600,S/B HIGH SCHOOL ASSESS.,"2,694,331","2,779,717","2,747,558","2,919,255"
301,SCHOOL DEPARTMENT,5605600,B/P/ REGIONAL SCHOOL,"969,035","1,064,232","1,332,200","1,353,780"
308,SCHOOL DEPARTMENT,5605600,BRISTOL AGGY.,"137,950","153,547","139,953.24","176,743.22"
309,SCHOOL DEPARTMENT,NEW,SBRHS SPEDD OUTSOURCED/RESIDENTIAL,"110,582","246,504","79,040","94,644"
309,SCHOOL DEPARTMENT,,Feasibility Study,,,,
420,HIGHWAY DEPARTMENT,5105111,SALARIES - DIRECTOR,"68,221","70,721","$81,000","$85,000"
420,HIGHWAY DEPARTMENT,,SALARIES - STIPEND,"9,000","9,000","$4,000","$4,000"
420,HIGHWAY DEPARTMENT,5105110,SALARIES- PERMANENT POSITIONS,"373,546","513,132","$560,000","$606,790"
420,HIGHWAY DEPARTMENT,,SALARIES-HIGHWAY SUPER.,"68,537",,,
420,HIGHWAY DEPARTMENT,,SALARIES-CLERICAL,0,,,
420,HIGHWAY DEPARTMENT,,SALARIES - PART TIME,"26,641",,,
420,HIGHWAY DEPARTMENT,,SALARIES-TEMPORARY,"16,000",,,
420,HIGHWAY DEPARTMENT,,SALARIES-OVERTIME,"10,000",,,
420,HIGHWAY DEPARTMENT,5705156,EXPENSES - UNION CONTRACT,"21,355","22,000","$22,800","$22,800"
420,HIGHWAY DEPARTMENT,,CLOTHING ALLOWANCE,0,,,
420,HIGHWAY DEPARTMENT,,ENERGY,0,,,
420,HIGHWAY DEPARTMENT,5705244,R. & M.- BUILDINGS & GROUNDS,"30,000","30,500","$32,000","$30,000"
420,HIGHWAY DEPARTMENT,5705242,R. & M.- EQUIPMENT,"60,000","61,800","$61,800","$60,800"
420,HIGHWAY DEPARTMENT,5705242,R. & M.- RADIO,0,,,
420,HIGHWAY DEPARTMENT,5705531,R & M - STREET PAVING/MARKING,0,,,
420,HIGHWAY DEPARTMENT,5705248,TRASH DISPOSAL,"75,000","78,750","$80,000","$80,000"
420,HIGHWAY DEPARTMENT,5705244,GRASS CUTTING,0,,,
420,HIGHWAY DEPARTMENT,5705292,RECYCLING,"63,000","64,800","$67,400","$67,400"
420,HIGHWAY DEPARTMENT,,ENGINEERING FEES,0,,,
420,HIGHWAY DEPARTMENT,5705420,TELEPHONE,0,,,
420,HIGHWAY DEPARTMENT,5705420,COMMUNICATIONS-ADVERTISING,0,,,
420,HIGHWAY DEPARTMENT,5705301,POLICE DETAIL,"4,500","5,000","$6,100",$0
420,HIGHWAY DEPARTMENT,,TRAINING & TESTING,0,,,
420,HIGHWAY DEPARTMENT,5705244,PROPANE,0,,,
420,HIGHWAY DEPARTMENT,5705420,OFFICE SUPPLIES,"6,200","6,200","$6,450","$5,950"
420,HIGHWAY DEPARTMENT,5705242,P.W. SUPPLIES -,0,,,
420,HIGHWAY DEPARTMENT,5705156,PERSONNEL SAFETY SUPPLIES,0,,,
420,HIGHWAY DEPARTMENT,5705531,STREET SIGN SUPPLIES,0,,,
420,HIGHWAY DEPARTMENT,5705301,STORMWATER,0,,,
420,HIGHWAY DEPARTMENT,5705700,SNOW REMOVAL,"75,000","75,000","$75,000","$75,000"
420,HIGHWAY DEPARTMENT,5705531,ROAD MATERIALS,"30,000","31,000","$40,000","$35,000"
420,HIGHWAY DEPARTMENT,,TRAVEL,0,,,
420,HIGHWAY DEPARTMENT,5705420,DUES/SUBSCRIPTION/MEMBERSHIP,0,,,
420,HIGHWAY DEPARTMENT,,ADDITIONAL EQUIPMENT,0,,,
420,HIGHWAY DEPARTMENT,5705272,EQUIPMENT LEASE,"5,000","5,000","$5,000","$4,000"
492,VETERANS GRAVES,5705700,CARE VETS GRAVES,250,250,250,250
492,VETERANS GRAVES,5705700,MEMORIAL DAY,"1,000","1,500","1,500","1,500"
425,STREET LIGHTS,5705211,ENERGY,"4,000","4,000","4,000","4,000"
425,STREET LIGHTS,5705222,Fiber Business Internet,,,,0
491,CEMETERY,5105111,SALARIES-TEMPORARY,371,600,600,600
491,CEMETERY,5705253,R. & M.-ROAD WAYS & GROUNDS,"2,500","3,000","3,000","3,000"
491,CEMETERY,,R. & M.- EQUIPMENT,0,,,
491,CEMETERY,,GASOLINE,0,,,
491,CEMETERY,,OFFICE SUPPLIES,0,,,
491,CEMETERY,5705253,BUILDING REPAIRS/MAINT./SUPPLY,"5,000","5,500","5,500",0
510,HEALTH DEPARTMENT,5105111,SALARIES-BOARD,"2,292","3,000","3,000",0
510,HEALTH DEPARTMENT,,ADDITIONAL EQUIPMENT,0,0,0,0
541,COUNCIL ON AGING,5105115,SALARIES-DIRECTOR,"26,000",0,"31,954","34,034"
541,COUNCIL ON AGING,5105115,Salaries - Admin Assistant,,"26,000",0,0
541,COUNCIL ON AGING,5705422,NEWSLETTER,"1,775","1,775","1,775","1,775"
541,COUNCIL ON AGING,5705715,TRAINING EDUCATION,500,500,500,500
541,COUNCIL ON AGING,5705420,OFFICE SUPPLIES,750,750,750,750
541,COUNCIL ON AGING,5705407,POSTAGE,"1,400","1,400","1,400","1,400"
541,COUNCIL ON AGING,5705241,OFFICE EQUIP,300,300,300,300
541,COUNCIL ON AGING,5705491,WELLNESS PROGRAM,"3,600","4,000","4,000","4,000"
541,COUNCIL ON AGING,5705700,OTHER,500,500,890,890
541,COUNCIL ON AGING,5705711,TRAVEL -BUS TRIPS,890,890,500,500
541,COUNCIL ON AGING,,ADDITIONAL EQUIPMENT,0,0,0,0
543,VETERANS DEPARTMENT,5105115,SALARIES-PERM. POSITION,"8,487","8,487","8,487","8,487"
543,VETERANS DEPARTMENT,5705718,TRAINING & TESTING,300,300,300,0
543,VETERANS DEPARTMENT,,OFFICE SUPPLIES,0,,,
543,VETERANS DEPARTMENT,5705491,OFFICE RENTAL DIGHTON,"4,200","4,200","4,200","4,200"
543,VETERANS DEPARTMENT,,DUES/SUBSCRIPTION/MEMBERSHIP,0,,,
543,VETERANS DEPARTMENT,5795785,VETERANS BENEFITS,"40,000","40,000","40,000","40,000"
610,LIBRARY DEPARTMENT,5105115,SALARIES-DIRECTOR,"54,060","55,142","57,900","58,590"
610,LIBRARY DEPARTMENT,5105111,PATRON SERVICES ASSOCIATE,800,850,900,843
610,LIBRARY DEPARTMENT,,SALARIES-EDUCATION,0,,,
610,LIBRARY DEPARTMENT,5105110,SALARIES-LIBRARY TECHS.,"59,758","59,758","72,082","77,218"
610,LIBRARY DEPARTMENT,5105110,SALARIES-CUSTODIAN PART-TIME,"3,042","3,183","3,270","3,760"
610,LIBRARY DEPARTMENT,,LONGEVITY,0,,,
610,LIBRARY DEPARTMENT,,EXPENSES,0,,,
610,LIBRARY DEPARTMENT,5705244,R. & M.- BUILDINGS & GROUNDS,700,800,950,950
610,LIBRARY DEPARTMENT,5705242,R. & M. OFFICE EQUIPMENT,"1,095","1,095","1,200","1,200"
610,LIBRARY DEPARTMENT,5705255,TECH SUPPORT,"1,096","1,142","1,142","1,142"
610,LIBRARY DEPARTMENT,,CONSULTING,0,,,
610,LIBRARY DEPARTMENT,5705342,TELEPHONE,"1,450","1,450","1,450","1,450"
610,LIBRARY DEPARTMENT,,COMMUNICATIONS-ADVERTISING,0,,,
610,LIBRARY DEPARTMENT,5705716,EDUCATION,0,350,350,300
610,LIBRARY DEPARTMENT,5705491,SAIL EXPENSES,"9,040","9,040","9,250","9,250"
610,LIBRARY DEPARTMENT,5705420,OFFICE SUPPLIES,"1,279","1,420","1,520","1,520"
610,LIBRARY DEPARTMENT,,CHILDREN ED. SUPPLIES,0,,,
610,LIBRARY DEPARTMENT,5705520,OTHER SUPPL.-PURCH./UPDT.BOOKS,"21,000","22,500","22,000","15,911"
610,LIBRARY DEPARTMENT,5705711,TRAVEL,220,220,220,100
610,LIBRARY DEPARTMENT,NEW,ELECTRICITY,"1,853","2,000","2,050","2,050"
610,LIBRARY DEPARTMENT,,ADDITIONAL EQUIPMENT,0,,,
691,HISTORICAL COMMISSION,0,ENERGY,,0,0,0
691,HISTORICAL COMMISSION,0,R. & M.- BUILDINGS & GROUNDS,,,,
691,HISTORICAL COMMISSION,0,TELEPHONE/ALARM,,,,
691,HISTORICAL COMMISSION,0,COMMUNICATIONS-ADVERTISING,,,,
691,HISTORICAL COMMISSION,5705700,OFFICE SUPPLIES,100,200,200,0
691,HISTORICAL COMMISSION,,POSTAGE,,,,
691,HISTORICAL COMMISSION,,TRAVEL,,,,
691,HISTORICAL COMMISSION,,DUES/SUBSCRIPTION/MEMBERSHIP,,,,
692,CELEBRATIONS,,ROAD RACE,,0,0,0
692,CELEBRATIONS,,HOLIDAYS,,,,
692,CELEBRATIONS,,OTHER CELEBRATIONS,,,,
692,CELEBRATIONS,5705700,EVENTS,"1,000","1,500","1,500",0
711,RETIREMENT OF DEBT,5905904,TOWN OFFICE BLDG,"160,000","165,000","170,000","175,000"
711,RETIREMENT OF DEBT,5905918,SBRSD HIGH SCHOOL,"370,668","367,098","354,634","387,878.40"
711,RETIREMENT OF DEBT,,Bristol Plymouth High School,0,"181,000","20,434","18,923"
711,RETIREMENT OF DEBT,,Berkley Community School,0,,0,0
711,RETIREMENT OF DEBT,,Multiple Use of Equipment,0,"250,000","250,000","250,000"
711,INTEREST,5705901,TOWN OFFICE BUILDING,"39,675","37,275","69,600","64,500"
711,INTEREST,5705919,SBRSD HIGH SCHOOL,"211,294","191,314","169,585","166,233.60"
711,INTEREST,,Bristol Plymouth High School,0,"27,742","219,348","543,148"
711,INTEREST,,Berkley Community School,0,,0,"245,839.44"
711,INTEREST,,Multiple Use of Equipment,0,"24,938","14,962.50","4,987.50"